description,code,aircraft_engine_code,manufacturer
80009E,80009E,80009E,qauntas
80019E,80019E,80019E,qauntas
80059E,80059E,80059E,qauntas
80129E,80129E,80129E,qauntas
80139E,80139E,80139E,qauntas
80199E,80199E,80199E,qauntas
80209E,80209E,80209E,qauntas
80219E,80219E,80219E,qauntas
80239E,80239E,80239E,qauntas
80249E,80249E,80249E,qauntas
80259E,80259E,80259E,qauntas
80269E,80269E,80269E,qauntas
80279E,80279E,80279E,qauntas
80299E,80299E,80299E,qauntas
80309E,80309E,80309E,qauntas
80319E,80319E,80319E,qauntas
80329E,80329E,80329E,qauntas
80339E,80339E,80339E,qauntas
80349E,80349E,80349E,qauntas
80359E,80359E,80359E,qauntas
80369E,80369E,80369E,qauntas
80399E,80399E,80399E,qauntas
80409E,80409E,80409E,qauntas
80419E,80419E,80419E,qauntas
83909E,83909E,83909E,qauntas
84099E,84099E,84099E,qauntas
84129E,84129E,84129E,qauntas
84169E,84169E,84169E,qauntas
84239E,84239E,84239E,qauntas
84329E,84329E,84329E,qauntas
84449E,84449E,84449E,qauntas
84589E,84589E,84589E,qauntas
84759E,84759E,84759E,qauntas
84779E,84779E,84779E,qauntas
84889E,84889E,84889E,qauntas
84929E,84929E,84929E,qauntas
84959E,84959E,84959E,qauntas
85019E,85019E,85019E,qauntas
85059E,85059E,85059E,qauntas
85069E,85069E,85069E,qauntas
85159E,85159E,85159E,qauntas
85169E,85169E,85169E,qauntas
85249E,85249E,85249E,qauntas
85259E,85259E,85259E,qauntas
85329E,85329E,85329E,qauntas
85339E,85339E,85339E,qauntas
85419E,85419E,85419E,qauntas
85439E,85439E,85439E,qauntas
85549E,85549E,85549E,qauntas
85609E,85609E,85609E,qauntas
85779E,85779E,85779E,qauntas
85809E,85809E,85809E,qauntas
85879E,85879E,85879E,qauntas
85889E,85889E,85889E,qauntas
85989E,85989E,85989E,qauntas
86049E,86049E,86049E,qauntas
86119E,86119E,86119E,qauntas
86239E,86239E,86239E,qauntas
86319E,86319E,86319E,qauntas
86469E,86469E,86469E,qauntas
86599E,86599E,86599E,qauntas
86659E,86659E,86659E,qauntas
86729E,86729E,86729E,qauntas
86739E,86739E,86739E,qauntas
86749E,86749E,86749E,qauntas
86839E,86839E,86839E,qauntas
86889E,86889E,86889E,qauntas
86949E,86949E,86949E,qauntas
86969E,86969E,86969E,qauntas
86989E,86989E,86989E,qauntas
87099E,87099E,87099E,qauntas
87109E,87109E,87109E,qauntas
87189E,87189E,87189E,qauntas
87219E,87219E,87219E,qauntas
87339E,87339E,87339E,qauntas
87369E,87369E,87369E,qauntas
87459E,87459E,87459E,qauntas
87479E,87479E,87479E,qauntas
87519E,87519E,87519E,qauntas
87589E,87589E,87589E,qauntas
87719E,87719E,87719E,qauntas
87759E,87759E,87759E,qauntas
87839E,87839E,87839E,qauntas
87909E,87909E,87909E,qauntas
87949E,87949E,87949E,qauntas
87979E,87979E,87979E,qauntas
88009E,88009E,88009E,qauntas
88089E,88089E,88089E,qauntas
88289E,88289E,88289E,qauntas
88369E,88369E,88369E,qauntas
88379E,88379E,88379E,qauntas
88399E,88399E,88399E,qauntas
88479E,88479E,88479E,qauntas
88559E,88559E,88559E,qauntas
88699E,88699E,88699E,qauntas
88779E,88779E,88779E,qauntas
88839E,88839E,88839E,qauntas
88849E,88849E,88849E,qauntas
88869E,88869E,88869E,qauntas
88889E,88889E,88889E,qauntas
88919E,88919E,88919E,qauntas
88949E,88949E,88949E,qauntas
88969E,88969E,88969E,qauntas
89039E,89039E,89039E,qauntas
89079E,89079E,89079E,qauntas
89089E,89089E,89089E,qauntas
89139E,89139E,89139E,qauntas
89149E,89149E,89149E,qauntas
89189E,89189E,89189E,qauntas
89219E,89219E,89219E,qauntas
89239E,89239E,89239E,qauntas
89249E,89249E,89249E,qauntas
89289E,89289E,89289E,qauntas
89309E,89309E,89309E,qauntas
89329E,89329E,89329E,qauntas
89339E,89339E,89339E,qauntas
89369E,89369E,89369E,qauntas
89389E,89389E,89389E,qauntas
89409E,89409E,89409E,qauntas
89429E,89429E,89429E,qauntas
89439E,89439E,89439E,qauntas
89449E,89449E,89449E,qauntas
89609E,89609E,89609E,qauntas
89649E,89649E,89649E,qauntas
89659E,89659E,89659E,qauntas
89689E,89689E,89689E,qauntas
89699E,89699E,89699E,qauntas
89709E,89709E,89709E,qauntas
89719E,89719E,89719E,qauntas
89729E,89729E,89729E,qauntas
89749E,89749E,89749E,qauntas
89769E,89769E,89769E,qauntas
89779E,89779E,89779E,qauntas
89809E,89809E,89809E,qauntas
89829E,89829E,89829E,qauntas
89869E,89869E,89869E,qauntas
91469E,91469E,91469E,qauntas
91479E,91479E,91479E,qauntas
9149E,9149E,9149E,qauntas
91539E,91539E,91539E,qauntas
9159E,9159E,9159E,qauntas
N050AA,N050AA,N050AA,qauntas
N051AA,N051AA,N051AA,qauntas
N052AA,N052AA,N052AA,qauntas
N054AA,N054AA,N054AA,qauntas
N055AA,N055AA,N055AA,qauntas
N056AA,N056AA,N056AA,qauntas
N057AA,N057AA,N057AA,qauntas
N058AA,N058AA,N058AA,qauntas
N059AA,N059AA,N059AA,qauntas
N060AA,N060AA,N060AA,qauntas
N061AA,N061AA,N061AA,qauntas
N062AA,N062AA,N062AA,qauntas
N063AA,N063AA,N063AA,qauntas
N064AA,N064AA,N064AA,qauntas
N065AA,N065AA,N065AA,qauntas
N066AA,N066AA,N066AA,qauntas
N067AA,N067AA,N067AA,qauntas
N068AA,N068AA,N068AA,qauntas
N069AA,N069AA,N069AA,qauntas
N070AA,N070AA,N070AA,qauntas
N071AA,N071AA,N071AA,qauntas
N072AA,N072AA,N072AA,qauntas
N073AA,N073AA,N073AA,qauntas
N074AA,N074AA,N074AA,qauntas
N076AA,N076AA,N076AA,qauntas
N077AA,N077AA,N077AA,qauntas
N078AA,N078AA,N078AA,qauntas
N079AA,N079AA,N079AA,qauntas
N080AA,N080AA,N080AA,qauntas
N081AA,N081AA,N081AA,qauntas
N082AA,N082AA,N082AA,qauntas
N083AA,N083AA,N083AA,qauntas
N084AA,N084AA,N084AA,qauntas
N10156,N10156,N10156,qauntas
N102UW,N102UW,N102UW,qauntas
N103US,N103US,N103US,qauntas
N104UW,N104UW,N104UW,qauntas
N10575,N10575,N10575,qauntas
N105UA,N105UA,N105UA,qauntas
N105UW,N105UW,N105UW,qauntas
N106US,N106US,N106US,qauntas
N107US,N107US,N107US,qauntas
N108UW,N108UW,N108UW,qauntas
N109UW,N109UW,N109UW,qauntas
N110UW,N110UW,N110UW,qauntas
N11106,N11106,N11106,qauntas
N11107,N11107,N11107,qauntas
N11109,N11109,N11109,qauntas
N11113,N11113,N11113,qauntas
N11119,N11119,N11119,qauntas
N11121,N11121,N11121,qauntas
N11127,N11127,N11127,qauntas
N11137,N11137,N11137,qauntas
N11140,N11140,N11140,qauntas
N11150,N11150,N11150,qauntas
N11155,N11155,N11155,qauntas
N11164,N11164,N11164,qauntas
N11165,N11165,N11165,qauntas
N11176,N11176,N11176,qauntas
N11181,N11181,N11181,qauntas
N11184,N11184,N11184,qauntas
N11187,N11187,N11187,qauntas
N11189,N11189,N11189,qauntas
N11191,N11191,N11191,qauntas
N11192,N11192,N11192,qauntas
N11193,N11193,N11193,qauntas
N11194,N11194,N11194,qauntas
N11199,N11199,N11199,qauntas
N111US,N111US,N111US,qauntas
N112US,N112US,N112US,qauntas
N113UW,N113UW,N113UW,qauntas
N114UW,N114UW,N114UW,qauntas
N11526,N11526,N11526,qauntas
N11535,N11535,N11535,qauntas
N11536,N11536,N11536,qauntas
N11539,N11539,N11539,qauntas
N11544,N11544,N11544,qauntas
N11547,N11547,N11547,qauntas
N11548,N11548,N11548,qauntas
N11551,N11551,N11551,qauntas
N11565,N11565,N11565,qauntas
N117UW,N117UW,N117UW,qauntas
N118US,N118US,N118US,qauntas
N119US,N119US,N119US,qauntas
N120UA,N120UA,N120UA,qauntas
N12122,N12122,N12122,qauntas
N12126,N12126,N12126,qauntas
N12135,N12135,N12135,qauntas
N12136,N12136,N12136,qauntas
N12142,N12142,N12142,qauntas
N12145,N12145,N12145,qauntas
N12157,N12157,N12157,qauntas
N12160,N12160,N12160,qauntas
N12163,N12163,N12163,qauntas
N12166,N12166,N12166,qauntas
N12167,N12167,N12167,qauntas
N12172,N12172,N12172,qauntas
N12175,N12175,N12175,qauntas
N12195,N12195,N12195,qauntas
N121UA,N121UA,N121UA,qauntas
N121UW,N121UW,N121UW,qauntas
N12201,N12201,N12201,qauntas
N122US,N122US,N122US,qauntas
N123UW,N123UW,N123UW,qauntas
N124US,N124US,N124US,qauntas
N12519,N12519,N12519,qauntas
N12528,N12528,N12528,qauntas
N12530,N12530,N12530,qauntas
N12540,N12540,N12540,qauntas
N12552,N12552,N12552,qauntas
N12563,N12563,N12563,qauntas
N12564,N12564,N12564,qauntas
N12567,N12567,N12567,qauntas
N12569,N12569,N12569,qauntas
N12900,N12900,N12900,qauntas
N12921,N12921,N12921,qauntas
N12922,N12922,N12922,qauntas
N12924,N12924,N12924,qauntas
N12934,N12934,N12934,qauntas
N12946,N12946,N12946,qauntas
N12957,N12957,N12957,qauntas
N12967,N12967,N12967,qauntas
N12996,N12996,N12996,qauntas
N1309T,N1309T,N1309T,qauntas
N13118,N13118,N13118,qauntas
N13123,N13123,N13123,qauntas
N13124,N13124,N13124,qauntas
N13132,N13132,N13132,qauntas
N13133,N13133,N13133,qauntas
N13161,N13161,N13161,qauntas
N1332U,N1332U,N1332U,qauntas
N1334U,N1334U,N1334U,qauntas
N13538,N13538,N13538,qauntas
N13550,N13550,N13550,qauntas
N13553,N13553,N13553,qauntas
N13566,N13566,N13566,qauntas
N13903,N13903,N13903,qauntas
N13908,N13908,N13908,qauntas
N13913,N13913,N13913,qauntas
N13914,N13914,N13914,qauntas
N13929,N13929,N13929,qauntas
N13935,N13935,N13935,qauntas
N13936,N13936,N13936,qauntas
N13949,N13949,N13949,qauntas
N13955,N13955,N13955,qauntas
N13956,N13956,N13956,qauntas
N13958,N13958,N13958,qauntas
N13964,N13964,N13964,qauntas
N13965,N13965,N13965,qauntas
N13968,N13968,N13968,qauntas
N13969,N13969,N13969,qauntas
N13970,N13970,N13970,qauntas
N13975,N13975,N13975,qauntas
N13978,N13978,N13978,qauntas
N13979,N13979,N13979,qauntas
N13988,N13988,N13988,qauntas
N13989,N13989,N13989,qauntas
N13990,N13990,N13990,qauntas
N13992,N13992,N13992,qauntas
N13994,N13994,N13994,qauntas
N13995,N13995,N13995,qauntas
N13997,N13997,N13997,qauntas
N14105,N14105,N14105,qauntas
N14116,N14116,N14116,qauntas
N14117,N14117,N14117,qauntas
N14125,N14125,N14125,qauntas
N14143,N14143,N14143,qauntas
N14148,N14148,N14148,qauntas
N14153,N14153,N14153,qauntas
N14158,N14158,N14158,qauntas
N14162,N14162,N14162,qauntas
N14168,N14168,N14168,qauntas
N14171,N14171,N14171,qauntas
N14173,N14173,N14173,qauntas
N14174,N14174,N14174,qauntas
N14177,N14177,N14177,qauntas
N14179,N14179,N14179,qauntas
N14180,N14180,N14180,qauntas
N14186,N14186,N14186,qauntas
N14188,N14188,N14188,qauntas
N14198,N14198,N14198,qauntas
N14203,N14203,N14203,qauntas
N14204,N14204,N14204,qauntas
N14505,N14505,N14505,qauntas
N14508,N14508,N14508,qauntas
N14514,N14514,N14514,qauntas
N14516,N14516,N14516,qauntas
N14522,N14522,N14522,qauntas
N14542,N14542,N14542,qauntas
N14543,N14543,N14543,qauntas
N14562,N14562,N14562,qauntas
N14568,N14568,N14568,qauntas
N14570,N14570,N14570,qauntas
N14573,N14573,N14573,qauntas
N14902,N14902,N14902,qauntas
N14904,N14904,N14904,qauntas
N14905,N14905,N14905,qauntas
N14907,N14907,N14907,qauntas
N14916,N14916,N14916,qauntas
N14920,N14920,N14920,qauntas
N14923,N14923,N14923,qauntas
N14925,N14925,N14925,qauntas
N14930,N14930,N14930,qauntas
N14933,N14933,N14933,qauntas
N14937,N14937,N14937,qauntas
N14938,N14938,N14938,qauntas
N14939,N14939,N14939,qauntas
N14940,N14940,N14940,qauntas
N14942,N14942,N14942,qauntas
N14943,N14943,N14943,qauntas
N14945,N14945,N14945,qauntas
N14947,N14947,N14947,qauntas
N14950,N14950,N14950,qauntas
N14952,N14952,N14952,qauntas
N14953,N14953,N14953,qauntas
N14959,N14959,N14959,qauntas
N14960,N14960,N14960,qauntas
N14972,N14972,N14972,qauntas
N14974,N14974,N14974,qauntas
N14977,N14977,N14977,qauntas
N14991,N14991,N14991,qauntas
N14993,N14993,N14993,qauntas
N14998,N14998,N14998,qauntas
N154SF,N154SF,N154SF,qauntas
N15509,N15509,N15509,qauntas
N15527,N15527,N15527,qauntas
N15555,N15555,N15555,qauntas
N15572,N15572,N15572,qauntas
N15574,N15574,N15574,qauntas
N155AW,N155AW,N155AW,qauntas
N156AW,N156AW,N156AW,qauntas
N157AW,N157AW,N157AW,qauntas
N158AW,N158AW,N158AW,qauntas
N15910,N15910,N15910,qauntas
N15912,N15912,N15912,qauntas
N15926,N15926,N15926,qauntas
N15932,N15932,N15932,qauntas
N15941,N15941,N15941,qauntas
N15948,N15948,N15948,qauntas
N15973,N15973,N15973,qauntas
N15980,N15980,N15980,qauntas
N15983,N15983,N15983,qauntas
N15985,N15985,N15985,qauntas
N15986,N15986,N15986,qauntas
N160AW,N160AW,N160AW,qauntas
N16112,N16112,N16112,qauntas
N16147,N16147,N16147,qauntas
N16149,N16149,N16149,qauntas
N16151,N16151,N16151,qauntas
N16170,N16170,N16170,qauntas
N16178,N16178,N16178,qauntas
N16183,N16183,N16183,qauntas
N161UW,N161UW,N161UW,qauntas
N162UW,N162UW,N162UW,qauntas
N163US,N163US,N163US,qauntas
N164AW,N164AW,N164AW,qauntas
N16501,N16501,N16501,qauntas
N16502,N16502,N16502,qauntas
N16510,N16510,N16510,qauntas
N16511,N16511,N16511,qauntas
N16520,N16520,N16520,qauntas
N16525,N16525,N16525,qauntas
N16541,N16541,N16541,qauntas
N16546,N16546,N16546,qauntas
N16559,N16559,N16559,qauntas
N16561,N16561,N16561,qauntas
N16571,N16571,N16571,qauntas
N165US,N165US,N165US,qauntas
N166AW,N166AW,N166AW,qauntas
N167US,N167US,N167US,qauntas
N168AW,N168AW,N168AW,qauntas
N16911,N16911,N16911,qauntas
N16918,N16918,N16918,qauntas
N16919,N16919,N16919,qauntas
N16927,N16927,N16927,qauntas
N16944,N16944,N16944,qauntas
N16951,N16951,N16951,qauntas
N16954,N16954,N16954,qauntas
N16961,N16961,N16961,qauntas
N16963,N16963,N16963,qauntas
N16976,N16976,N16976,qauntas
N16981,N16981,N16981,qauntas
N16987,N16987,N16987,qauntas
N16999,N16999,N16999,qauntas
N169UW,N169UW,N169UW,qauntas
N170US,N170US,N170US,qauntas
N17108,N17108,N17108,qauntas
N17115,N17115,N17115,qauntas
N17138,N17138,N17138,qauntas
N17146,N17146,N17146,qauntas
N17156,N17156,N17156,qauntas
N17159,N17159,N17159,qauntas
N17169,N17169,N17169,qauntas
N17175,N17175,N17175,qauntas
N17196,N17196,N17196,qauntas
N171US,N171US,N171US,qauntas
N17231,N17231,N17231,qauntas
N17275,N17275,N17275,qauntas
N172US,N172US,N172US,qauntas
N17337,N17337,N17337,qauntas
N17358,N17358,N17358,qauntas
N173UA,N173UA,N173UA,qauntas
N173US,N173US,N173US,qauntas
N174US,N174US,N174US,qauntas
N17507,N17507,N17507,qauntas
N17513,N17513,N17513,qauntas
N17521,N17521,N17521,qauntas
N17524,N17524,N17524,qauntas
N17560,N17560,N17560,qauntas
N175AW,N175AW,N175AW,qauntas
N176UW,N176UW,N176UW,qauntas
N177US,N177US,N177US,qauntas
N178US,N178US,N178US,qauntas
N17928,N17928,N17928,qauntas
N17984,N17984,N17984,qauntas
N1799U,N1799U,N1799U,qauntas
N179UW,N179UW,N179UW,qauntas
N180US,N180US,N180US,qauntas
N18101,N18101,N18101,qauntas
N18102,N18102,N18102,qauntas
N18114,N18114,N18114,qauntas
N18120,N18120,N18120,qauntas
N181UW,N181UW,N181UW,qauntas
N182UA,N182UA,N182UA,qauntas
N182UW,N182UW,N182UW,qauntas
N183UW,N183UW,N183UW,qauntas
N184US,N184US,N184US,qauntas
N18556,N18556,N18556,qauntas
N18557,N18557,N18557,qauntas
N185UW,N185UW,N185UW,qauntas
N186US,N186US,N186US,qauntas
N187US,N187US,N187US,qauntas
N188US,N188US,N188US,qauntas
N18982,N18982,N18982,qauntas
N189UW,N189UW,N189UW,qauntas
N190UW,N190UW,N190UW,qauntas
N191UW,N191UW,N191UW,qauntas
N192UW,N192UW,N192UW,qauntas
N19503,N19503,N19503,qauntas
N19554,N19554,N19554,qauntas
N197UA,N197UA,N197UA,qauntas
N19966,N19966,N19966,qauntas
N200AA,N200AA,N200AA,qauntas
N200UU,N200UU,N200UU,qauntas
N200WN,N200WN,N200WN,qauntas
N201AA,N201AA,N201AA,qauntas
N201LV,N201LV,N201LV,qauntas
N201UU,N201UU,N201UU,qauntas
N202AA,N202AA,N202AA,qauntas
N202UA,N202UA,N202UA,qauntas
N202UW,N202UW,N202UW,qauntas
N202WN,N202WN,N202WN,qauntas
N203UA,N203UA,N203UA,qauntas
N203UW,N203UW,N203UW,qauntas
N203WN,N203WN,N203WN,qauntas
N204UA,N204UA,N204UA,qauntas
N204UW,N204UW,N204UW,qauntas
N204WN,N204WN,N204WN,qauntas
N205UW,N205UW,N205UW,qauntas
N205WN,N205WN,N205WN,qauntas
N206UA,N206UA,N206UA,qauntas
N206UW,N206UW,N206UW,qauntas
N206WN,N206WN,N206WN,qauntas
N207AA,N207AA,N207AA,qauntas
N207WN,N207WN,N207WN,qauntas
N208AA,N208AA,N208AA,qauntas
N208WN,N208WN,N208WN,qauntas
N209UA,N209UA,N209UA,qauntas
N209WN,N209WN,N209WN,qauntas
N210UA,N210UA,N210UA,qauntas
N210WN,N210WN,N210WN,qauntas
N21129,N21129,N21129,qauntas
N21130,N21130,N21130,qauntas
N21144,N21144,N21144,qauntas
N21154,N21154,N21154,qauntas
N21197,N21197,N21197,qauntas
N211UA,N211UA,N211UA,qauntas
N211WN,N211WN,N211WN,qauntas
N212UA,N212UA,N212UA,qauntas
N212WN,N212WN,N212WN,qauntas
N213UA,N213UA,N213UA,qauntas
N213WN,N213WN,N213WN,qauntas
N214AA,N214AA,N214AA,qauntas
N214UA,N214UA,N214UA,qauntas
N214WN,N214WN,N214WN,qauntas
N21537,N21537,N21537,qauntas
N215SW,N215SW,N215SW,qauntas
N215UA,N215UA,N215UA,qauntas
N215WN,N215WN,N215WN,qauntas
N216SW,N216SW,N216SW,qauntas
N216WR,N216WR,N216WR,qauntas
N217JC,N217JC,N217JC,qauntas
N217SW,N217SW,N217SW,qauntas
N217UA,N217UA,N217UA,qauntas
N218AA,N218AA,N218AA,qauntas
N218SW,N218SW,N218SW,qauntas
N218UA,N218UA,N218UA,qauntas
N218WN,N218WN,N218WN,qauntas
N219AA,N219AA,N219AA,qauntas
N219WN,N219WN,N219WN,qauntas
N220SW,N220SW,N220SW,qauntas
N220WN,N220WN,N220WN,qauntas
N221SW,N221SW,N221SW,qauntas
N221UA,N221UA,N221UA,qauntas
N221WN,N221WN,N221WN,qauntas
N222UA,N222UA,N222UA,qauntas
N222WN,N222WN,N222WN,qauntas
N223AA,N223AA,N223AA,qauntas
N223SW,N223SW,N223SW,qauntas
N223UA,N223UA,N223UA,qauntas
N223WN,N223WN,N223WN,qauntas
N224SW,N224SW,N224SW,qauntas
N224WN,N224WN,N224WN,qauntas
N225UA,N225UA,N225UA,qauntas
N225WN,N225WN,N225WN,qauntas
N226SW,N226SW,N226SW,qauntas
N226WN,N226WN,N226WN,qauntas
N227AA,N227AA,N227AA,qauntas
N227SW,N227SW,N227SW,qauntas
N227WN,N227WN,N227WN,qauntas
N228UA,N228UA,N228UA,qauntas
N228WN,N228WN,N228WN,qauntas
N22909,N22909,N22909,qauntas
N22971,N22971,N22971,qauntas
N229SW,N229SW,N229SW,qauntas
N229WN,N229WN,N229WN,qauntas
N230WN,N230WN,N230WN,qauntas
N23139,N23139,N23139,qauntas
N231WN,N231WN,N231WN,qauntas
N232AA,N232AA,N232AA,qauntas
N232SW,N232SW,N232SW,qauntas
N232WN,N232WN,N232WN,qauntas
N233AA,N233AA,N233AA,qauntas
N233LV,N233LV,N233LV,qauntas
N233SW,N233SW,N233SW,qauntas
N234AA,N234AA,N234AA,qauntas
N234SW,N234SW,N234SW,qauntas
N234WN,N234WN,N234WN,qauntas
N235SW,N235SW,N235SW,qauntas
N235WN,N235WN,N235WN,qauntas
N236AA,N236AA,N236AA,qauntas
N236SW,N236SW,N236SW,qauntas
N236WN,N236WN,N236WN,qauntas
N237AA,N237AA,N237AA,qauntas
N237SW,N237SW,N237SW,qauntas
N237WN,N237WN,N237WN,qauntas
N238WN,N238WN,N238WN,qauntas
N239WN,N239WN,N239WN,qauntas
N240WN,N240WN,N240WN,qauntas
N24103,N24103,N24103,qauntas
N24128,N24128,N24128,qauntas
N241AA,N241AA,N241AA,qauntas
N241WN,N241WN,N241WN,qauntas
N242AA,N242AA,N242AA,qauntas
N242WN,N242WN,N242WN,qauntas
N243WN,N243WN,N243WN,qauntas
N244AA,N244AA,N244AA,qauntas
N244WN,N244WN,N244WN,qauntas
N24517,N24517,N24517,qauntas
N245AA,N245AA,N245AA,qauntas
N245AY,N245AY,N245AY,qauntas
N245WN,N245WN,N245WN,qauntas
N246AA,N246AA,N246AA,qauntas
N246AY,N246AY,N246AY,qauntas
N246LV,N246LV,N246LV,qauntas
N247WN,N247WN,N247WN,qauntas
N248AA,N248AA,N248AA,qauntas
N248AY,N248AY,N248AY,qauntas
N248WN,N248WN,N248WN,qauntas
N249AA,N249AA,N249AA,qauntas
N249AU,N249AU,N249AU,qauntas
N249WN,N249WN,N249WN,qauntas
N250AY,N250AY,N250AY,qauntas
N250WN,N250WN,N250WN,qauntas
N250YV,N250YV,N250YV,qauntas
N25134,N25134,N25134,qauntas
N251AA,N251AA,N251AA,qauntas
N251AY,N251AY,N251AY,qauntas
N251WN,N251WN,N251WN,qauntas
N251YV,N251YV,N251YV,qauntas
N252WN,N252WN,N252WN,qauntas
N253AA,N253AA,N253AA,qauntas
N253AY,N253AY,N253AY,qauntas
N253WN,N253WN,N253WN,qauntas
N254WN,N254WN,N254WN,qauntas
N25504,N25504,N25504,qauntas
N255AA,N255AA,N255AA,qauntas
N255AY,N255AY,N255AY,qauntas
N255WN,N255WN,N255WN,qauntas
N256AY,N256AY,N256AY,qauntas
N256WN,N256WN,N256WN,qauntas
N257WN,N257WN,N257WN,qauntas
N258AA,N258AA,N258AA,qauntas
N258WN,N258WN,N258WN,qauntas
N259AA,N259AA,N259AA,qauntas
N259WN,N259WN,N259WN,qauntas
N260WN,N260WN,N260WN,qauntas
N26141,N26141,N26141,qauntas
N261WN,N261WN,N261WN,qauntas
N262AA,N262AA,N262AA,qauntas
N262WN,N262WN,N262WN,qauntas
N263WN,N263WN,N263WN,qauntas
N264LV,N264LV,N264LV,qauntas
N26545,N26545,N26545,qauntas
N26549,N26549,N26549,qauntas
N265WN,N265WN,N265WN,qauntas
N266AA,N266AA,N266AA,qauntas
N266WN,N266WN,N266WN,qauntas
N267WN,N267WN,N267WN,qauntas
N268WN,N268WN,N268WN,qauntas
N269WN,N269WN,N269WN,qauntas
N270AY,N270AY,N270AY,qauntas
N270WN,N270WN,N270WN,qauntas
N270YV,N270YV,N270YV,qauntas
N27152,N27152,N27152,qauntas
N27172,N27172,N27172,qauntas
N27173,N27173,N27173,qauntas
N27190,N27190,N27190,qauntas
N27191,N27191,N27191,qauntas
N271AY,N271AY,N271AY,qauntas
N271WN,N271WN,N271WN,qauntas
N271YV,N271YV,N271YV,qauntas
N27200,N27200,N27200,qauntas
N272AY,N272AY,N272AY,qauntas
N272WN,N272WN,N272WN,qauntas
N27314,N27314,N27314,qauntas
N27318,N27318,N27318,qauntas
N273AY,N273AY,N273AY,qauntas
N273WN,N273WN,N273WN,qauntas
N274AA,N274AA,N274AA,qauntas
N274AY,N274AY,N274AY,qauntas
N274WN,N274WN,N274WN,qauntas
N27506,N27506,N27506,qauntas
N27512,N27512,N27512,qauntas
N27523,N27523,N27523,qauntas
N275AY,N275AY,N275AY,qauntas
N275WN,N275WN,N275WN,qauntas
N276AY,N276AY,N276AY,qauntas
N276WN,N276WN,N276WN,qauntas
N277AY,N277AY,N277AY,qauntas
N277WN,N277WN,N277WN,qauntas
N278AA,N278AA,N278AA,qauntas
N278WN,N278WN,N278WN,qauntas
N27962,N27962,N27962,qauntas
N279AA,N279AA,N279AA,qauntas
N279WN,N279WN,N279WN,qauntas
N280WN,N280WN,N280WN,qauntas
N281WN,N281WN,N281WN,qauntas
N282WN,N282WN,N282WN,qauntas
N283WN,N283WN,N283WN,qauntas
N284WN,N284WN,N284WN,qauntas
N284YV,N284YV,N284YV,qauntas
N28518,N28518,N28518,qauntas
N28529,N28529,N28529,qauntas
N285WN,N285WN,N285WN,qauntas
N286WN,N286WN,N286WN,qauntas
N287AA,N287AA,N287AA,qauntas
N287WN,N287WN,N287WN,qauntas
N288SW,N288SW,N288SW,qauntas
N288WN,N288WN,N288WN,qauntas
N289AA,N289AA,N289AA,qauntas
N289CT,N289CT,N289CT,qauntas
N289YV,N289YV,N289YV,qauntas
N290AA,N290AA,N290AA,qauntas
N290SW,N290SW,N290SW,qauntas
N290WN,N290WN,N290WN,qauntas
N291AA,N291AA,N291AA,qauntas
N291SW,N291SW,N291SW,qauntas
N291WN,N291WN,N291WN,qauntas
N292AA,N292AA,N292AA,qauntas
N292SW,N292SW,N292SW,qauntas
N292UX,N292UX,N292UX,qauntas
N292WN,N292WN,N292WN,qauntas
N293,N293,N293,qauntas
N293AA,N293AA,N293AA,qauntas
N293SW,N293SW,N293SW,qauntas
N294SW,N294SW,N294SW,qauntas
N294WN,N294WN,N294WN,qauntas
N29515,N29515,N29515,qauntas
N295SW,N295SW,N295SW,qauntas
N295UX,N295UX,N295UX,qauntas
N295WN,N295WN,N295WN,qauntas
N296SW,N296SW,N296SW,qauntas
N296WN,N296WN,N296WN,qauntas
N297AA,N297AA,N297AA,qauntas
N297SW,N297SW,N297SW,qauntas
N297WN,N297WN,N297WN,qauntas
N298AA,N298AA,N298AA,qauntas
N298SW,N298SW,N298SW,qauntas
N298WN,N298WN,N298WN,qauntas
N29906,N29906,N29906,qauntas
N29917,N29917,N29917,qauntas
N299SW,N299SW,N299SW,qauntas
N299WN,N299WN,N299WN,qauntas
N300SW,N300SW,N300SW,qauntas
N301NB,N301NB,N301NB,qauntas
N301SW,N301SW,N301SW,qauntas
N301UA,N301UA,N301UA,qauntas
N301US,N301US,N301US,qauntas
N301YV,N301YV,N301YV,qauntas
N302AW,N302AW,N302AW,qauntas
N302NB,N302NB,N302NB,qauntas
N302SW,N302SW,N302SW,qauntas
N302UA,N302UA,N302UA,qauntas
N303AW,N303AW,N303AW,qauntas
N303UA,N303UA,N303UA,qauntas
N303US,N303US,N303US,qauntas
N304SW,N304SW,N304SW,qauntas
N304UA,N304UA,N304UA,qauntas
N304US,N304US,N304US,qauntas
N305AW,N305AW,N305AW,qauntas
N305SW,N305SW,N305SW,qauntas
N305UA,N305UA,N305UA,qauntas
N305US,N305US,N305US,qauntas
N306AW,N306AW,N306AW,qauntas
N306SW,N306SW,N306SW,qauntas
N306UA,N306UA,N306UA,qauntas
N307AW,N307AW,N307AW,qauntas
N307SW,N307SW,N307SW,qauntas
N307UA,N307UA,N307UA,qauntas
N308AW,N308AW,N308AW,qauntas
N308SA,N308SA,N308SA,qauntas
N308SW,N308SW,N308SW,qauntas
N308UA,N308UA,N308UA,qauntas
N309AW,N309AW,N309AW,qauntas
N309SW,N309SW,N309SW,qauntas
N309UA,N309UA,N309UA,qauntas
N309US,N309US,N309US,qauntas
N310NW,N310NW,N310NW,qauntas
N310SW,N310SW,N310SW,qauntas
N310UA,N310UA,N310UA,qauntas
N31131,N31131,N31131,qauntas
N311AW,N311AW,N311AW,qauntas
N311SW,N311SW,N311SW,qauntas
N311UA,N311UA,N311UA,qauntas
N311US,N311US,N311US,qauntas
N312SW,N312SW,N312SW,qauntas
N312UA,N312UA,N312UA,qauntas
N312US,N312US,N312US,qauntas
N313AW,N313AW,N313AW,qauntas
N313SW,N313SW,N313SW,qauntas
N313UA,N313UA,N313UA,qauntas
N313US,N313US,N313US,qauntas
N314AW,N314AW,N314AW,qauntas
N314NB,N314NB,N314NB,qauntas
N314SW,N314SW,N314SW,qauntas
N314UA,N314UA,N314UA,qauntas
N314US,N314US,N314US,qauntas
N315AW,N315AW,N315AW,qauntas
N315NB,N315NB,N315NB,qauntas
N315SW,N315SW,N315SW,qauntas
N315UA,N315UA,N315UA,qauntas
N315US,N315US,N315US,qauntas
N316AW,N316AW,N316AW,qauntas
N316NB,N316NB,N316NB,qauntas
N316SW,N316SW,N316SW,qauntas
N316US,N316US,N316US,qauntas
N317NB,N317NB,N317NB,qauntas
N317US,N317US,N317US,qauntas
N317WN,N317WN,N317WN,qauntas
N318NB,N318NB,N318NB,qauntas
N318SW,N318SW,N318SW,qauntas
N318UA,N318UA,N318UA,qauntas
N318US,N318US,N318US,qauntas
N319AA,N319AA,N319AA,qauntas
N319NB,N319NB,N319NB,qauntas
N319US,N319US,N319US,qauntas
N320AA,N320AA,N320AA,qauntas
N320NB,N320NB,N320NB,qauntas
N320SW,N320SW,N320SW,qauntas
N320US,N320US,N320US,qauntas
N321AA,N321AA,N321AA,qauntas
N321NB,N321NB,N321NB,qauntas
N321SW,N321SW,N321SW,qauntas
N321US,N321US,N321US,qauntas
N322AA,N322AA,N322AA,qauntas
N322AW,N322AW,N322AW,qauntas
N322NB,N322NB,N322NB,qauntas
N322SW,N322SW,N322SW,qauntas
N322US,N322US,N322US,qauntas
N323AA,N323AA,N323AA,qauntas
N323NB,N323NB,N323NB,qauntas
N323SW,N323SW,N323SW,qauntas
N323US,N323US,N323US,qauntas
N324NB,N324NB,N324NB,qauntas
N324SW,N324SW,N324SW,qauntas
N324US,N324US,N324US,qauntas
N325AA,N325AA,N325AA,qauntas
N325NB,N325NB,N325NB,qauntas
N325SW,N325SW,N325SW,qauntas
N325UA,N325UA,N325UA,qauntas
N325US,N325US,N325US,qauntas
N326NB,N326NB,N326NB,qauntas
N326SW,N326SW,N326SW,qauntas
N326UA,N326UA,N326UA,qauntas
N326US,N326US,N326US,qauntas
N327AA,N327AA,N327AA,qauntas
N327NB,N327NB,N327NB,qauntas
N327NW,N327NW,N327NW,qauntas
N327SW,N327SW,N327SW,qauntas
N327UA,N327UA,N327UA,qauntas
N328AA,N328AA,N328AA,qauntas
N328NB,N328NB,N328NB,qauntas
N328NW,N328NW,N328NW,qauntas
N328SW,N328SW,N328SW,qauntas
N328UA,N328UA,N328UA,qauntas
N329AA,N329AA,N329AA,qauntas
N329NB,N329NB,N329NB,qauntas
N329NW,N329NW,N329NW,qauntas
N329SW,N329SW,N329SW,qauntas
N329UA,N329UA,N329UA,qauntas
N330NB,N330NB,N330NB,qauntas
N330NW,N330NW,N330NW,qauntas
N330SW,N330SW,N330SW,qauntas
N330UA,N330UA,N330UA,qauntas
N33182,N33182,N33182,qauntas
N331NB,N331NB,N331NB,qauntas
N331NW,N331NW,N331NW,qauntas
N331SW,N331SW,N331SW,qauntas
N331UA,N331UA,N331UA,qauntas
N3324L,N3324L,N3324L,qauntas
N332AA,N332AA,N332AA,qauntas
N332AW,N332AW,N332AW,qauntas
N332NB,N332NB,N332NB,qauntas
N332NW,N332NW,N332NW,qauntas
N332SW,N332SW,N332SW,qauntas
N332UA,N332UA,N332UA,qauntas
N333NB,N333NB,N333NB,qauntas
N333NW,N333NW,N333NW,qauntas
N333SW,N333SW,N333SW,qauntas
N333UA,N333UA,N333UA,qauntas
N334AW,N334AW,N334AW,qauntas
N334NB,N334NB,N334NB,qauntas
N334NW,N334NW,N334NW,qauntas
N334SW,N334SW,N334SW,qauntas
N334UA,N334UA,N334UA,qauntas
N335AA,N335AA,N335AA,qauntas
N335NB,N335NB,N335NB,qauntas
N335NW,N335NW,N335NW,qauntas
N335SW,N335SW,N335SW,qauntas
N335UA,N335UA,N335UA,qauntas
N336AA,N336AA,N336AA,qauntas
N336NB,N336NB,N336NB,qauntas
N336NW,N336NW,N336NW,qauntas
N336SW,N336SW,N336SW,qauntas
N336UA,N336UA,N336UA,qauntas
N337NB,N337NB,N337NB,qauntas
N337NW,N337NW,N337NW,qauntas
N337SW,N337SW,N337SW,qauntas
N337UA,N337UA,N337UA,qauntas
N338AA,N338AA,N338AA,qauntas
N338NB,N338NB,N338NB,qauntas
N338NW,N338NW,N338NW,qauntas
N338SW,N338SW,N338SW,qauntas
N338UA,N338UA,N338UA,qauntas
N339AA,N339AA,N339AA,qauntas
N339NB,N339NB,N339NB,qauntas
N339NW,N339NW,N339NW,qauntas
N339SW,N339SW,N339SW,qauntas
N339UA,N339UA,N339UA,qauntas
N340CA,N340CA,N340CA,qauntas
N340LV,N340LV,N340LV,qauntas
N340NB,N340NB,N340NB,qauntas
N340NW,N340NW,N340NW,qauntas
N340UA,N340UA,N340UA,qauntas
N34110,N34110,N34110,qauntas
N34111,N34111,N34111,qauntas
N341NB,N341NB,N341NB,qauntas
N341NW,N341NW,N341NW,qauntas
N341SW,N341SW,N341SW,qauntas
N341UA,N341UA,N341UA,qauntas
N342AA,N342AA,N342AA,qauntas
N342NB,N342NB,N342NB,qauntas
N342NW,N342NW,N342NW,qauntas
N342SW,N342SW,N342SW,qauntas
N342UA,N342UA,N342UA,qauntas
N343AA,N343AA,N343AA,qauntas
N343NB,N343NB,N343NB,qauntas
N343NW,N343NW,N343NW,qauntas
N343SW,N343SW,N343SW,qauntas
N344AA,N344AA,N344AA,qauntas
N344NB,N344NB,N344NB,qauntas
N344NW,N344NW,N344NW,qauntas
N344SW,N344SW,N344SW,qauntas
N345AA,N345AA,N345AA,qauntas
N345NB,N345NB,N345NB,qauntas
N345NW,N345NW,N345NW,qauntas
N345SA,N345SA,N345SA,qauntas
N346AA,N346AA,N346AA,qauntas
N346NB,N346NB,N346NB,qauntas
N346SW,N346SW,N346SW,qauntas
N346UA,N346UA,N346UA,qauntas
N347AA,N347AA,N347AA,qauntas
N347NB,N347NB,N347NB,qauntas
N347NW,N347NW,N347NW,qauntas
N347SW,N347SW,N347SW,qauntas
N347UA,N347UA,N347UA,qauntas
N348AA,N348AA,N348AA,qauntas
N348NB,N348NB,N348NB,qauntas
N348NW,N348NW,N348NW,qauntas
N348SW,N348SW,N348SW,qauntas
N348UA,N348UA,N348UA,qauntas
N349AA,N349AA,N349AA,qauntas
N349NB,N349NB,N349NB,qauntas
N349NW,N349NW,N349NW,qauntas
N349SW,N349SW,N349SW,qauntas
N349UA,N349UA,N349UA,qauntas
N34CA,N34CA,N34CA,qauntas
N350AA,N350AA,N350AA,qauntas
N350NA,N350NA,N350NA,qauntas
N350SW,N350SW,N350SW,qauntas
N350UA,N350UA,N350UA,qauntas
N351AA,N351AA,N351AA,qauntas
N351NB,N351NB,N351NB,qauntas
N351NW,N351NW,N351NW,qauntas
N351SW,N351SW,N351SW,qauntas
N351UA,N351UA,N351UA,qauntas
N352AA,N352AA,N352AA,qauntas
N352NB,N352NB,N352NB,qauntas
N352NW,N352NW,N352NW,qauntas
N352SW,N352SW,N352SW,qauntas
N353NB,N353NB,N353NB,qauntas
N353NW,N353NW,N353NW,qauntas
N353SW,N353SW,N353SW,qauntas
N354AA,N354AA,N354AA,qauntas
N354NB,N354NB,N354NB,qauntas
N354NW,N354NW,N354NW,qauntas
N354SW,N354SW,N354SW,qauntas
N355AA,N355AA,N355AA,qauntas
N355NB,N355NB,N355NB,qauntas
N355NW,N355NW,N355NW,qauntas
N355SW,N355SW,N355SW,qauntas
N356AA,N356AA,N356AA,qauntas
N356NW,N356NW,N356NW,qauntas
N356SW,N356SW,N356SW,qauntas
N357AA,N357AA,N357AA,qauntas
N357NB,N357NB,N357NB,qauntas
N357NW,N357NW,N357NW,qauntas
N357SW,N357SW,N357SW,qauntas
N358AA,N358AA,N358AA,qauntas
N358NB,N358NB,N358NB,qauntas
N358NW,N358NW,N358NW,qauntas
N358SW,N358SW,N358SW,qauntas
N359AA,N359AA,N359AA,qauntas
N359NB,N359NB,N359NB,qauntas
N359NW,N359NW,N359NW,qauntas
N359SW,N359SW,N359SW,qauntas
N360AA,N360AA,N360AA,qauntas
N360NB,N360NB,N360NB,qauntas
N360NW,N360NW,N360NW,qauntas
N360SW,N360SW,N360SW,qauntas
N361AA,N361AA,N361AA,qauntas
N361NB,N361NB,N361NB,qauntas
N361NW,N361NW,N361NW,qauntas
N361SW,N361SW,N361SW,qauntas
N362AA,N362AA,N362AA,qauntas
N362NB,N362NB,N362NB,qauntas
N362NW,N362NW,N362NW,qauntas
N362SW,N362SW,N362SW,qauntas
